id;title;first_name;last_name;email;phone_number;community;language;blocked
1;ADP orchestration;Cordia;Crona;Obie34@yahoo.com;Program;PARTNER;FR;true
2;Yuan Renminbi tangible;Raquel;Howell;Wellington_Spencer@gmail.com;Fresh;PARTNER;FR;false
3;Response transmitting;Rosario;Toy;Micaela_Wilderman@hotmail.com;HDD;SUPPLIER;FR;false
4;magenta SAS;Sonny;Kessler;Reva35@gmail.com;Arizona frictionless Wooden;BOT;SP;true
5;experiences Technician Engineer;Kraig;Beatty;Margarette_Gerlach@gmail.com;Investor Macao;PARTNER;ZH;true
6;Intelligent Fresh Sausages Hawaii;Dagmar;Dickinson;Emmanuel.Ledner@yahoo.com;Computer Beauty;BOT;ZH;false
7;Sleek viral;Beulah;Kris;Erna_Hickle@gmail.com;parsing action-items Auto Loan Account;POOLID;DE;false
8;Generic Consultant Rhode Island;Jewel;Muller;Taurean_Lockman@yahoo.com;interactive Checking Account Congo;PARTNER;FR;false
9;SAS Tasty Manager;Elisabeth;Wisoky;Mohammed67@yahoo.com;transmit;BOT;ZH;false
10;portals deposit red;Halie;Hirthe;Madie96@yahoo.com;Product;EMPLOYEE;DE;false
