id;name;postcode;city;street_address;state_province;community
1;Intelligent Cotton Gloves frame deposit;infrastructure microchip;Luluport;Refined Concrete Chair;bandwidth Small;POOLID
2;Borders help-desk Customer;overriding Sri Lanka Rupee;Sabinaberg;Implementation Glens;granular global;CUSTOMER
3;web-readiness Avon Gorgeous Soft Computer;navigating overriding cross-platform;Runtemouth;open architecture Optimization;Sierra Leone intermediate;EMPLOYEE
4;Parkway;green Compatible;VonRuedenport;Dynamic architect optimize;New York Garden;EMPLOYEE
5;calculating Generic;redundant blue robust;Port Adamview;PNG Creative;bypass indigo;DEALER
6;paradigms;Soft Mexican Peso Mexican Unidad de Inversion (UDI);Dariusshire;Port;synthesizing Incredible;SUPPLIER
7;Handcrafted Wooden Car Villages Program;Rustic Swedish Krona;North Leorashire;Salad hack Wells;Shirt National;PARTNER
8;virtual enterprise Integration;interface olive toolset;New Krystelberg;Reverse-engineered;Guarani high-level;PARTNER
9;Prairie;Auto Loan Account;Harberborough;Functionality South Carolina Rubber;benchmark Yemen;POOLID
10;User-friendly RAM;pink green synthesizing;West Edmondberg;Technician portals online;Incredible Steel Shirt;POOLID
